timestamp,event,object_id
2025-04-27 01:46:34,new,1
2025-04-27 01:46:34,new,3
2025-04-27 01:46:34,new,2
2025-04-27 01:46:36,new,7
2025-04-27 01:46:38,new,9
2025-04-27 01:46:38,new,10
2025-04-27 01:46:41,new,11
2025-04-27 01:46:43,new,12
2025-04-27 01:46:43,missing,7
2025-04-27 01:46:47,missing,10
2025-04-27 01:46:53,missing,3
2025-04-27 01:46:54,new,15
2025-04-27 01:46:54,missing,12
2025-04-27 01:46:54,missing,9
2025-04-27 01:46:57,missing,2
2025-04-27 01:47:15,missing,1
2025-04-27 01:47:21,new,16
2025-04-27 01:47:30,missing,11
2025-04-27 01:47:40,missing,15
2025-04-27 01:47:48,new,27
2025-04-27 01:48:03,new,29
2025-04-27 01:48:05,new,30
2025-04-27 01:48:14,missing,16
2025-04-27 01:48:37,missing,27
2025-04-27 01:53:31,new,2
2025-04-27 01:53:31,new,3
2025-04-27 01:53:31,new,1
2025-04-27 01:53:34,new,7
2025-04-27 01:53:38,new,9
2025-04-27 01:53:38,new,10
2025-04-27 01:53:42,new,11
2025-04-27 01:53:44,new,12
2025-04-27 01:53:45,missing,7
2025-04-27 01:53:50,missing,10
2025-04-27 01:53:57,missing,3
2025-04-27 01:53:57,new,15
2025-04-27 01:53:58,missing,12
2025-04-27 01:53:58,missing,9
2025-04-27 01:54:01,missing,2
2025-04-27 01:54:14,missing,1
2025-04-27 01:54:18,new,16
2025-04-27 01:54:24,missing,11
2025-04-27 01:54:34,missing,15
2025-04-27 01:54:39,new,27
2025-04-27 01:54:49,new,29
2025-04-27 01:54:50,new,30
2025-04-27 01:54:56,missing,16
2025-04-27 01:55:11,missing,27
